<?xml version="1.0" encoding="UTF-8"?>
<metadata modelVersion="1.1.0">
  <groupId>com.rci</groupId>
  <artifactId>common-service-lib</artifactId>
  <version>0.0.2-SNAPSHOT</version>
  <versioning>
    <snapshot>
      <timestamp>20190822.065228</timestamp>
      <buildNumber>2</buildNumber>
    </snapshot>
    <lastUpdated>20190822065228</lastUpdated>
    <snapshotVersions>
      <snapshotVersion>
        <extension>jar</extension>
        <value>0.0.2-20190822.065228-2</value>
        <updated>20190822065228</updated>
      </snapshotVersion>
      <snapshotVersion>
        <extension>pom</extension>
        <value>0.0.2-20190822.065228-2</value>
        <updated>20190822065228</updated>
      </snapshotVersion>
    </snapshotVersions>
  </versioning>
</metadata>
