<?xml version="1.0" encoding="UTF-8"?>
<metadata modelVersion="1.1.0">
  <groupId>com.rci</groupId>
  <artifactId>common-service-lib</artifactId>
  <version>0.0.2-SNAPSHOT</version>
  <versioning>
    <snapshot>
      <timestamp>20190828.085221</timestamp>
      <buildNumber>3</buildNumber>
    </snapshot>
    <lastUpdated>20190828085221</lastUpdated>
    <snapshotVersions>
      <snapshotVersion>
        <extension>jar</extension>
        <value>0.0.2-20190828.085221-3</value>
        <updated>20190828085221</updated>
      </snapshotVersion>
      <snapshotVersion>
        <extension>pom</extension>
        <value>0.0.2-20190828.085221-3</value>
        <updated>20190828085221</updated>
      </snapshotVersion>
    </snapshotVersions>
  </versioning>
</metadata>
