<?xml version="1.0" encoding="UTF-8"?>
<metadata modelVersion="1.1.0">
  <groupId>com.rci</groupId>
  <artifactId>spring-boot-micro-service-starter</artifactId>
  <version>0.0.1-SNAPSHOT</version>
  <versioning>
    <snapshot>
      <timestamp>20190823.050024</timestamp>
      <buildNumber>3</buildNumber>
    </snapshot>
    <lastUpdated>20190823050024</lastUpdated>
    <snapshotVersions>
      <snapshotVersion>
        <extension>jar</extension>
        <value>0.0.1-20190823.050024-3</value>
        <updated>20190823050024</updated>
      </snapshotVersion>
      <snapshotVersion>
        <extension>pom</extension>
        <value>0.0.1-20190823.050024-3</value>
        <updated>20190823050024</updated>
      </snapshotVersion>
    </snapshotVersions>
  </versioning>
</metadata>
